<?xml version="1.0" encoding="utf-8"?>
<install version="1.5" type="template">
	<name>siteground-j15-76</name>
	<version>1.0.0</version>
	<creationDate>11/2008</creationDate>
	<author>SiteGround</author>
	<authorEmail>templates@siteground.com</authorEmail>
	<authorUrl>http://www.siteground.com</authorUrl>
	<copyright>SiteGround</copyright>
	<license>SG TOS</license>
	<description>TEMPLATE_DESCRIPTION</description>
	<files>
		<filename>index.php</filename>
		<filename>templateDetails.xml</filename>
		<filename>template_thumbnail.png</filename>
		<filename>params.ini</filename>
		<filename>templates.php</filename>
		
		<filename>images/bg.png</filename>
		<filename>images/bg_clouds.jpg</filename>
		<filename>images/but_hover.gif</filename>
		<filename>images/content.png</filename>
		<filename>images/content_bottom.gif</filename>
		<filename>images/content_middle.gif</filename>
		<filename>images/h3.png</filename>
		<filename>images/header.jpg</filename>
		<filename>images/header_img.jpg</filename>
		<filename>images/indent1.png</filename>
		<filename>images/indent2.png</filename>
		<filename>images/indent3.png</filename>
		<filename>images/indent4.png</filename>
		<filename>images/l_r_bottom.gif</filename>
		<filename>images/l_r_middle.gif</filename>
		<filename>images/l_r_top.gif</filename>
		<filename>images/menu_arrow.png</filename>
		<filename>images/menu_row.gif</filename>
		<filename>images/menu_separator.gif</filename>
		<filename>images/newsflash.jpg</filename>
		<filename>images/newsflash_h3.jpg</filename>
		<filename>images/path_l.gif</filename>
		<filename>images/path_r.gif</filename>	
		<filename>images/search.png</filename>
		<filename>images/search_but.png</filename>		
		
		<filename>css/index.html</filename>
		<filename>css/template.css</filename>
		<filename>css/editor.css</filename>
		<filename>css/ie6.css</filename>
	</files>

	<languages>
		<language tag="en-GB">en-GB.tpl_siteground-j15-76.ini</language>
	</languages>
	<administration>
	    <languages folder="admin">
			<language tag="en-GB">en-GB.tpl_siteground-j15-76.ini</language>
		</languages>
    </administration>
</install>
